{"cameraMode":{"drawMode":0,"name":"Shaded","section":"Shading Mode"},"sceneLighting":true,"audioPlay":false,"sceneViewState":{"m_AlwaysRefresh":false,"showFog":true,"showSkybox":true,"showFlares":true,"showImageEffects":true,"showParticleSystems":true,"showVisualEffectGraphs":true,"m_FxEnabled":true},"in2DMode":false,"pivot":{"x":40.35850143432617,"y":-17.694271087646486,"z":82.86111450195313},"rotation":{"x":-0.25362828373908999,"y":-0.11516755819320679,"z":0.030428767204284669,"w":-0.9599408507347107},"size":64.21906280517578,"orthographic":false}